3(MILLAN Y LECOCQ) 853 A.210, MONTEVIDEO, MONTEVIDEO;Entidad Colectiva;ver observaciones;;true;30;true;11;false;692;GeocoderResult(type=LOCALIDAD, id=3180, address=MONTEVIDEO, MONTEVIDEO, idCalle=0, nomVia=null, postalCode=null, idLocalidad=0, localidad=MONTEVIDEO, idDepartamento=0, departamento=MONTEVIDEO, manzana=null, solar=null, poi=null, idCalleEsq=0, km=0.0, priority=0, geom=null, tip_via=null, lat=0.0, lng=0.0, portalNumber=0, stateMsg=, source=ide_uy, ranking=20.0, state=1);GeocoderResultV0(direccion=Direccion(departamento=NombreNormalizado(nombreNormalizado=MONTEVIDEO), localidad=NombreNormalizado(nombreNormalizado=MONTEVIDEO), calle=CalleNormalizada(nombreNormalizado=MONTEVIDEO, MONTEVIDEO, idCalle=3180)), codigoPostal=0, codigoPostalAmpliado=0, puntoX=0.0, puntoY=0.0, srid=4326, idTipoClasificacion=3, error=null);NO ENCONTRADO
3 873 A.309 ESQ.COMPLEJO MILLAN Y LECOCQ, MONTEVIDEO, MONTEVIDEO;Calle - Nro;ver observaciones;;true;32;true;28;false;547;GeocoderResult(type=LOCALIDAD, id=3180, address=MONTEVIDEO, MONTEVIDEO, idCalle=0, nomVia=null, postalCode=null, idLocalidad=0, localidad=MONTEVIDEO, idDepartamento=0, departamento=MONTEVIDEO, manzana=null, solar=null, poi=null, idCalleEsq=0, km=0.0, priority=0, geom=null, tip_via=null, lat=0.0, lng=0.0, portalNumber=0, stateMsg=, source=ide_uy, ranking=20.0, state=1);GeocoderResultV0(direccion=Direccion(departamento=NombreNormalizado(nombreNormalizado=MONTEVIDEO), localidad=NombreNormalizado(nombreNormalizado=MONTEVIDEO), calle=CalleNormalizada(nombreNormalizado=MONTEVIDEO, MONTEVIDEO, idCalle=3180)), codigoPostal=0, codigoPostalAmpliado=0, puntoX=0.0, puntoY=0.0, srid=4326, idTipoClasificacion=3, error=null);NO ENCONTRADO
6 824 ALTO.107 - COMPLEJO MILLAN Y LECOCQ, MONTEVIDEO, MONTEVIDEO;Calle - Nro;youtrack tsubasa 19;;true;89;true;78;false;644;GeocoderResult(type=LOCALIDAD, id=3180, address=MONTEVIDEO, MONTEVIDEO, idCalle=0, nomVia=null, postalCode=null, idLocalidad=0, localidad=MONTEVIDEO, idDepartamento=0, departamento=MONTEVIDEO, manzana=null, solar=null, poi=null, idCalleEsq=0, km=0.0, priority=0, geom=null, tip_via=null, lat=0.0, lng=0.0, portalNumber=0, stateMsg=, source=ide_uy, ranking=20.0, state=1);GeocoderResultV0(direccion=Direccion(departamento=NombreNormalizado(nombreNormalizado=MONTEVIDEO), localidad=NombreNormalizado(nombreNormalizado=MONTEVIDEO), calle=CalleNormalizada(nombreNormalizado=MONTEVIDEO, MONTEVIDEO, idCalle=3180)), codigoPostal=0, codigoPostalAmpliado=0, puntoX=0.0, puntoY=0.0, srid=4326, idTipoClasificacion=3, error=null);NO ENCONTRADO
SAN 13 4575 BLOCK 14, MONTEVIDEO, MONTEVIDEO;Calle - Nro;youtrack tsubasa 19;;true;19;true;17;false;381;GeocoderResult(type=LOCALIDAD, id=3180, address=MONTEVIDEO, MONTEVIDEO, idCalle=0, nomVia=null, postalCode=null, idLocalidad=0, localidad=MONTEVIDEO, idDepartamento=0, departamento=MONTEVIDEO, manzana=null, solar=null, poi=null, idCalleEsq=0, km=0.0, priority=0, geom=null, tip_via=null, lat=0.0, lng=0.0, portalNumber=0, stateMsg=, source=ide_uy, ranking=20.0, state=1);GeocoderResultV0(direccion=Direccion(departamento=NombreNormalizado(nombreNormalizado=MONTEVIDEO), localidad=NombreNormalizado(nombreNormalizado=MONTEVIDEO), calle=CalleNormalizada(nombreNormalizado=MONTEVIDEO, MONTEVIDEO, idCalle=3180)), codigoPostal=0, codigoPostalAmpliado=0, puntoX=0.0, puntoY=0.0, srid=4326, idTipoClasificacion=3, error=null);NO ENCONTRADO
SAN 3 MILLAN Y RAFFO 4575, MONTEVIDEO, MONTEVIDEO;Calle - Nro;youtrack tsubasa 19;;true;28;true;63;false;1233;GeocoderResult(type=LOCALIDAD, id=3180, address=MONTEVIDEO, MONTEVIDEO, idCalle=0, nomVia=null, postalCode=null, idLocalidad=0, localidad=MONTEVIDEO, idDepartamento=0, departamento=MONTEVIDEO, manzana=null, solar=null, poi=null, idCalleEsq=0, km=0.0, priority=0, geom=null, tip_via=null, lat=0.0, lng=0.0, portalNumber=0, stateMsg=, source=ide_uy, ranking=20.0, state=1);GeocoderResultV0(direccion=Direccion(departamento=NombreNormalizado(nombreNormalizado=MONTEVIDEO), localidad=NombreNormalizado(nombreNormalizado=MONTEVIDEO), calle=CalleNormalizada(nombreNormalizado=MONTEVIDEO, MONTEVIDEO, idCalle=3180)), codigoPostal=0, codigoPostalAmpliado=0, puntoX=0.0, puntoY=0.0, srid=4326, idTipoClasificacion=3, error=null);NO ENCONTRADO
AV ITALIA HOSPITAL DE CLINICAS Piso 1, MONTEVIDEO, MONTEVIDEO;Punto Notable;youtrack tsubasa 34;;true;97;true;91;false;292;GeocoderResult(type=LOCALIDAD, id=3180, address=MONTEVIDEO, MONTEVIDEO, idCalle=0, nomVia=null, postalCode=null, idLocalidad=0, localidad=MONTEVIDEO, idDepartamento=0, departamento=MONTEVIDEO, manzana=null, solar=null, poi=null, idCalleEsq=0, km=0.0, priority=0, geom=null, tip_via=null, lat=0.0, lng=0.0, portalNumber=0, stateMsg=, source=ide_uy, ranking=20.0, state=1);GeocoderResultV0(direccion=Direccion(departamento=NombreNormalizado(nombreNormalizado=MONTEVIDEO), localidad=NombreNormalizado(nombreNormalizado=MONTEVIDEO), calle=CalleNormalizada(nombreNormalizado=MONTEVIDEO, MONTEVIDEO, idCalle=3180)), codigoPostal=0, codigoPostalAmpliado=0, puntoX=0.0, puntoY=0.0, srid=4326, idTipoClasificacion=3, error=null);NO ENCONTRADO
COLMAN 4625, MONTEVIDEO, MONTEVIDEO;Calle - Nro;youtrack tsubasa 37 49;;true;32;true;31;true;894;GeocoderResult(type=LOCALIDAD, id=3180, address=MONTEVIDEO, MONTEVIDEO, idCalle=0, nomVia=null, postalCode=null, idLocalidad=0, localidad=MONTEVIDEO, idDepartamento=0, departamento=MONTEVIDEO, manzana=null, solar=null, poi=null, idCalleEsq=0, km=0.0, priority=0, geom=null, tip_via=null, lat=0.0, lng=0.0, portalNumber=0, stateMsg=, source=ide_uy, ranking=20.0, state=1);GeocoderResultV0(direccion=Direccion(departamento=NombreNormalizado(nombreNormalizado=MONTEVIDEO), localidad=NombreNormalizado(nombreNormalizado=MONTEVIDEO), calle=CalleNormalizada(nombreNormalizado=MONTEVIDEO, MONTEVIDEO, idCalle=3180)), codigoPostal=0, codigoPostalAmpliado=0, puntoX=0.0, puntoY=0.0, srid=4326, idTipoClasificacion=3, error=null);{"codigoPostal":12300,"codigoPostalAmpliado":12311,"puntoX":-56.156266999999936,"puntoY":-34.828156999999976,"idPunto":2347677,"srid":4326,"idTipoClasificacion":1,"error":""}
CALLE 1 4920, PUNTA DEL DIABLO, ROCHA;Calle - Nro;youtrack tsubasa 20;;true;157;true;115;false;270;GeocoderResult(type=LOCALIDAD, id=1018, address=PUNTA DEL DIABLO, ROCHA, idCalle=0, nomVia=null, postalCode=null, idLocalidad=0, localidad=PUNTA DEL DIABLO, idDepartamento=0, departamento=ROCHA, manzana=null, solar=null, poi=null, idCalleEsq=0, km=0.0, priority=0, geom=null, tip_via=null, lat=0.0, lng=0.0, portalNumber=0, stateMsg=, source=ide_uy, ranking=20.2, state=1);GeocoderResultV0(direccion=Direccion(departamento=NombreNormalizado(nombreNormalizado=ROCHA), localidad=NombreNormalizado(nombreNormalizado=PUNTA DEL DIABLO), calle=CalleNormalizada(nombreNormalizado=PUNTA DEL DIABLO, ROCHA, idCalle=1018)), codigoPostal=0, codigoPostalAmpliado=0, puntoX=0.0, puntoY=0.0, srid=4326, idTipoClasificacion=3, error=null);NO ENCONTRADO
33 ORIENTALES MANZANA 243 SOLAR 15, PAYSANDU, PAYSANDU;Manzana - Solar;youtrack Geopostal 8;;true;299;true;163;false;2311;GeocoderResult(type=MANZANAySOLAR, id=225239, address=MANZANA 243 SOLAR 15, PAYSANDU, PAYSANDU, idCalle=0, nomVia=MANZANA 243 SOLAR 15, postalCode=60064, idLocalidad=0, localidad=PAYSANDU, idDepartamento=0, departamento=PAYSANDU, manzana=243, solar=15, poi=null, idCalleEsq=0, km=0.0, priority=0, geom=null, tip_via=null, lat=-32.31253685690456, lng=-58.0846157806862, portalNumber=0, stateMsg=, source=ide_uy, ranking=0.0, state=1);GeocoderResultV0(direccion=Direccion(departamento=NombreNormalizado(nombreNormalizado=PAYSANDU), localidad=NombreNormalizado(nombreNormalizado=PAYSANDU), calle=CalleNormalizada(nombreNormalizado=MANZANA 243 SOLAR 15, PAYSANDU, PAYSANDU, idCalle=225239)), codigoPostal=60000, codigoPostalAmpliado=60064, puntoX=-58.0846157806862, puntoY=-32.31253685690456, srid=4326, idTipoClasificacion=3, error=null);NO ENCONTRADO
33 ORIENTALES MANZANA 243 SOLAR 25, PAYSANDU, PAYSANDU;Manzana - Solar;youtrack Geopostal 8;;false;185;false;71;false;358;NO ENCONTRADO;NO ENCONTRADO;NO ENCONTRADO
MANZANA 243 SOLAR 25, PAYSANDU, PAYSANDU;Manzana - Solar;youtrack Geopostal 8;;false;109;false;107;true;2552;NO ENCONTRADO;NO ENCONTRADO;{"direccion":{"localidad":{"nombre_normalizado":"PAYSANDU","idLocalidad":222},"manzana":"243","solar":"25"},"codigoPostal":60000,"codigoPostalAmpliado":60064,"puntoX":-58.08446433657212,"puntoY":-32.31265303927399,"srid":4326,"idTipoClasificacion":23,"error":""}
SIN DIRECCION, S LUIS, ROCHA;Funcionalidad;youtrack Tsubasa 27 49;;true;36;true;21;false;543;GeocoderResult(type=LOCALIDAD, id=174, address=SAN LUIS AL MEDIO, ROCHA, idCalle=0, nomVia=null, postalCode=null, idLocalidad=0, localidad=SAN LUIS AL MEDIO, idDepartamento=0, departamento=ROCHA, manzana=null, solar=null, poi=null, idCalleEsq=0, km=0.0, priority=0, geom=null, tip_via=null, lat=0.0, lng=0.0, portalNumber=0, stateMsg=, source=ide_uy, ranking=20.2, state=1);GeocoderResultV0(direccion=Direccion(departamento=NombreNormalizado(nombreNormalizado=ROCHA), localidad=NombreNormalizado(nombreNormalizado=SAN LUIS AL MEDIO), calle=CalleNormalizada(nombreNormalizado=SAN LUIS AL MEDIO, ROCHA, idCalle=174)), codigoPostal=0, codigoPostalAmpliado=0, puntoX=0.0, puntoY=0.0, srid=4326, idTipoClasificacion=3, error=null);NO ENCONTRADO
AVDA. ITALIA HOSPITAL DE CLINICAS PISO 1B, MONTEVIDEO, MOTEVIDEO;Punto Notable;youtrack tsubasa 34;;true;21;true;23;true;3952;GeocoderResult(type=LOCALIDAD, id=3180, address=MONTEVIDEO, MONTEVIDEO, idCalle=0, nomVia=null, postalCode=null, idLocalidad=0, localidad=MONTEVIDEO, idDepartamento=0, departamento=MONTEVIDEO, manzana=null, solar=null, poi=null, idCalleEsq=0, km=0.0, priority=0, geom=null, tip_via=null, lat=0.0, lng=0.0, portalNumber=0, stateMsg=, source=ide_uy, ranking=20.0, state=1);GeocoderResultV0(direccion=Direccion(departamento=NombreNormalizado(nombreNormalizado=MONTEVIDEO), localidad=NombreNormalizado(nombreNormalizado=MONTEVIDEO), calle=CalleNormalizada(nombreNormalizado=MONTEVIDEO, MONTEVIDEO, idCalle=3180)), codigoPostal=0, codigoPostalAmpliado=0, puntoX=0.0, puntoY=0.0, srid=4326, idTipoClasificacion=3, error=null);{"codigoPostal":11600,"codigoPostalAmpliado":11609,"puntoX":-56.152192988160856,"puntoY":-34.89072516839424,"idPunto":2339807,"srid":4326,"idTipoClasificacion":25,"error":""}
AVDA. ITALIA HOSPITAL DE CLINICAS, MONTEVIDEO, MOTEVIDEO;Punto Notable;youtrack tsubasa 34;;true;36;true;37;false;264;GeocoderResult(type=LOCALIDAD, id=3180, address=MONTEVIDEO, MONTEVIDEO, idCalle=0, nomVia=null, postalCode=null, idLocalidad=0, localidad=MONTEVIDEO, idDepartamento=0, departamento=MONTEVIDEO, manzana=null, solar=null, poi=null, idCalleEsq=0, km=0.0, priority=0, geom=null, tip_via=null, lat=0.0, lng=0.0, portalNumber=0, stateMsg=, source=ide_uy, ranking=20.0, state=1);GeocoderResultV0(direccion=Direccion(departamento=NombreNormalizado(nombreNormalizado=MONTEVIDEO), localidad=NombreNormalizado(nombreNormalizado=MONTEVIDEO), calle=CalleNormalizada(nombreNormalizado=MONTEVIDEO, MONTEVIDEO, idCalle=3180)), codigoPostal=0, codigoPostalAmpliado=0, puntoX=0.0, puntoY=0.0, srid=4326, idTipoClasificacion=3, error=null);NO ENCONTRADO
AVDA. ITALIA HOSPITAL DE CLINICAS HALL CENTRAL, MOTEVIDEO, MOTEVIDEO;Punto Notable;youtrack tsubasa 34;;true;44;true;35;true;4475;GeocoderResult(type=LOCALIDAD, id=3180, address=MONTEVIDEO, MONTEVIDEO, idCalle=0, nomVia=null, postalCode=null, idLocalidad=0, localidad=MONTEVIDEO, idDepartamento=0, departamento=MONTEVIDEO, manzana=null, solar=null, poi=null, idCalleEsq=0, km=0.0, priority=0, geom=null, tip_via=null, lat=0.0, lng=0.0, portalNumber=0, stateMsg=, source=ide_uy, ranking=20.0, state=1);GeocoderResultV0(direccion=Direccion(departamento=NombreNormalizado(nombreNormalizado=MONTEVIDEO), localidad=NombreNormalizado(nombreNormalizado=MONTEVIDEO), calle=CalleNormalizada(nombreNormalizado=MONTEVIDEO, MONTEVIDEO, idCalle=3180)), codigoPostal=0, codigoPostalAmpliado=0, puntoX=0.0, puntoY=0.0, srid=4326, idTipoClasificacion=3, error=null);{"codigoPostal":11600,"codigoPostalAmpliado":11609,"puntoX":-56.152192988160856,"puntoY":-34.89072516839424,"idPunto":2339807,"srid":4326,"idTipoClasificacion":25,"error":""}
SAN 3 MILLAN Y RAFFO 4575, MONTEVIDEO, MONTEVIDEO;Entidad Colectiva;youtrack tsubasa 19;;true;38;true;33;false;296;GeocoderResult(type=LOCALIDAD, id=3180, address=MONTEVIDEO, MONTEVIDEO, idCalle=0, nomVia=null, postalCode=null, idLocalidad=0, localidad=MONTEVIDEO, idDepartamento=0, departamento=MONTEVIDEO, manzana=null, solar=null, poi=null, idCalleEsq=0, km=0.0, priority=0, geom=null, tip_via=null, lat=0.0, lng=0.0, portalNumber=0, stateMsg=, source=ide_uy, ranking=20.0, state=1);GeocoderResultV0(direccion=Direccion(departamento=NombreNormalizado(nombreNormalizado=MONTEVIDEO), localidad=NombreNormalizado(nombreNormalizado=MONTEVIDEO), calle=CalleNormalizada(nombreNormalizado=MONTEVIDEO, MONTEVIDEO, idCalle=3180)), codigoPostal=0, codigoPostalAmpliado=0, puntoX=0.0, puntoY=0.0, srid=4326, idTipoClasificacion=3, error=null);NO ENCONTRADO
CASTELLANOS PEREZ 1488, MONTEVIDEO, MONTEVIDEO;Calle - Nro;youtrack tsubasa 26;;true;37;true;36;true;680;GeocoderResult(type=LOCALIDAD, id=3180, address=MONTEVIDEO, MONTEVIDEO, idCalle=0, nomVia=null, postalCode=null, idLocalidad=0, localidad=MONTEVIDEO, idDepartamento=0, departamento=MONTEVIDEO, manzana=null, solar=null, poi=null, idCalleEsq=0, km=0.0, priority=0, geom=null, tip_via=null, lat=0.0, lng=0.0, portalNumber=0, stateMsg=, source=ide_uy, ranking=20.0, state=1);GeocoderResultV0(direccion=Direccion(departamento=NombreNormalizado(nombreNormalizado=MONTEVIDEO), localidad=NombreNormalizado(nombreNormalizado=MONTEVIDEO), calle=CalleNormalizada(nombreNormalizado=MONTEVIDEO, MONTEVIDEO, idCalle=3180)), codigoPostal=0, codigoPostalAmpliado=0, puntoX=0.0, puntoY=0.0, srid=4326, idTipoClasificacion=3, error=null);{"direccion":{"localidad":{"nombre_normalizado":"MONTEVIDEO","idLocalidad":3180},"calle":{"nombre_normalizado":"PEREZ CASTELLANO","idCalle":9221},"numero":{"nro_puerta":1488}},"codigoPostal":11000,"codigoPostalAmpliado":11001,"puntoX":-56.2107845927223,"puntoY":-34.906957130124084,"idPunto":444814,"srid":4326,"idTipoClasificacion":1,"error":""}
PEREZ CASTELLANOS 1488, MONTEVIDEO, MONTEVIDEO;Calle - Nro;youtrack tsubasa 26;;true;40;true;20;false;269;GeocoderResult(type=LOCALIDAD, id=3180, address=MONTEVIDEO, MONTEVIDEO, idCalle=0, nomVia=null, postalCode=null, idLocalidad=0, localidad=MONTEVIDEO, idDepartamento=0, departamento=MONTEVIDEO, manzana=null, solar=null, poi=null, idCalleEsq=0, km=0.0, priority=0, geom=null, tip_via=null, lat=0.0, lng=0.0, portalNumber=0, stateMsg=, source=ide_uy, ranking=20.0, state=1);GeocoderResultV0(direccion=Direccion(departamento=NombreNormalizado(nombreNormalizado=MONTEVIDEO), localidad=NombreNormalizado(nombreNormalizado=MONTEVIDEO), calle=CalleNormalizada(nombreNormalizado=MONTEVIDEO, MONTEVIDEO, idCalle=3180)), codigoPostal=0, codigoPostalAmpliado=0, puntoX=0.0, puntoY=0.0, srid=4326, idTipoClasificacion=3, error=null);NO ENCONTRADO
PERNAZ 2575, MONTEBIDEO, MONTEBIDEO;Calle - Nro;youtrack tsubasa 24;;true;44;true;33;true;677;GeocoderResult(type=LOCALIDAD, id=3180, address=MONTEVIDEO, MONTEVIDEO, idCalle=0, nomVia=null, postalCode=null, idLocalidad=0, localidad=MONTEVIDEO, idDepartamento=0, departamento=MONTEVIDEO, manzana=null, solar=null, poi=null, idCalleEsq=0, km=0.0, priority=0, geom=null, tip_via=null, lat=0.0, lng=0.0, portalNumber=0, stateMsg=, source=ide_uy, ranking=20.0, state=1);GeocoderResultV0(direccion=Direccion(departamento=NombreNormalizado(nombreNormalizado=MONTEVIDEO), localidad=NombreNormalizado(nombreNormalizado=MONTEVIDEO), calle=CalleNormalizada(nombreNormalizado=MONTEVIDEO, MONTEVIDEO, idCalle=3180)), codigoPostal=0, codigoPostalAmpliado=0, puntoX=0.0, puntoY=0.0, srid=4326, idTipoClasificacion=3, error=null);{"direccion":{"localidad":{"nombre_normalizado":"MONTEVIDEO","idLocalidad":3180},"calle":{"nombre_normalizado":"PERNAS","idCalle":10292},"numero":{"nro_puerta":2575}},"codigoPostal":12000,"codigoPostalAmpliado":12001,"puntoX":-56.144538070186314,"puntoY":-34.87667574718528,"idPunto":516840,"srid":4326,"idTipoClasificacion":1,"error":""}
CASTELLANOS, PEREZ 1488, MONTEVIDEO, MONTEVIDEO;Calle - Nro;youtrack tsubasa 26;;true;24;true;22;false;267;GeocoderResult(type=LOCALIDAD, id=3180, address=MONTEVIDEO, MONTEVIDEO, idCalle=0, nomVia=null, postalCode=null, idLocalidad=0, localidad=MONTEVIDEO, idDepartamento=0, departamento=MONTEVIDEO, manzana=null, solar=null, poi=null, idCalleEsq=0, km=0.0, priority=0, geom=null, tip_via=null, lat=0.0, lng=0.0, portalNumber=0, stateMsg=, source=ide_uy, ranking=20.0, state=1);GeocoderResultV0(direccion=Direccion(departamento=NombreNormalizado(nombreNormalizado=MONTEVIDEO), localidad=NombreNormalizado(nombreNormalizado=MONTEVIDEO), calle=CalleNormalizada(nombreNormalizado=MONTEVIDEO, MONTEVIDEO, idCalle=3180)), codigoPostal=0, codigoPostalAmpliado=0, puntoX=0.0, puntoY=0.0, srid=4326, idTipoClasificacion=3, error=null);NO ENCONTRADO
SALTEREIN 1322, MOMTEBIDEO, MOMTEBIDEO;Calle - Nro;youtrack tsubasa 24;;false;23;false;21;true;1114;NO ENCONTRADO;NO ENCONTRADO;{"direccion":{"localidad":{"nombre_normalizado":"MONTEVIDEO","idLocalidad":3180},"calle":{"nombre_normalizado":"DOCTOR JOAQUIN DE SALTERAIN","idCalle":8265},"numero":{"nro_puerta":1322}},"codigoPostal":11200,"codigoPostalAmpliado":11213,"puntoX":-56.16990064667246,"puntoY":-34.90455966139566,"idPunto":358673,"srid":4326,"idTipoClasificacion":1,"error":""}
SORRILLA DE NARTIN 3173, YOUNJ, RIA MEGRO;Calle - Nro;youtrack tsubasa 24;;true;36;true;26;false;567;GeocoderResult(type=LOCALIDAD, id=622, address=YOUNG, RIO NEGRO, idCalle=0, nomVia=null, postalCode=null, idLocalidad=0, localidad=YOUNG, idDepartamento=0, departamento=RIO NEGRO, manzana=null, solar=null, poi=null, idCalleEsq=0, km=0.0, priority=0, geom=null, tip_via=null, lat=0.0, lng=0.0, portalNumber=0, stateMsg=, source=ide_uy, ranking=20.0, state=1);GeocoderResultV0(direccion=Direccion(departamento=NombreNormalizado(nombreNormalizado=RIO NEGRO), localidad=NombreNormalizado(nombreNormalizado=YOUNG), calle=CalleNormalizada(nombreNormalizado=YOUNG, RIO NEGRO, idCalle=622)), codigoPostal=0, codigoPostalAmpliado=0, puntoX=0.0, puntoY=0.0, srid=4326, idTipoClasificacion=3, error=null);NO ENCONTRADO
SUC COREO COLOMIA, COLOMIA, COLOMIA;Punto Notable;youtrack tsubasa 24;;true;38;true;28;true;736;GeocoderResult(type=LOCALIDAD, id=15, address=COLONIA DEL SACRAMENTO, COLONIA, idCalle=0, nomVia=null, postalCode=null, idLocalidad=0, localidad=COLONIA DEL SACRAMENTO, idDepartamento=0, departamento=COLONIA, manzana=null, solar=null, poi=null, idCalleEsq=0, km=0.0, priority=0, geom=null, tip_via=null, lat=0.0, lng=0.0, portalNumber=0, stateMsg=, source=ide_uy, ranking=20.1, state=1);GeocoderResultV0(direccion=Direccion(departamento=NombreNormalizado(nombreNormalizado=COLONIA), localidad=NombreNormalizado(nombreNormalizado=COLONIA DEL SACRAMENTO), calle=CalleNormalizada(nombreNormalizado=COLONIA DEL SACRAMENTO, COLONIA, idCalle=15)), codigoPostal=0, codigoPostalAmpliado=0, puntoX=0.0, puntoY=0.0, srid=4326, idTipoClasificacion=3, error=null);{"direccion":{"departamento":{"nombre_normalizado":"COLONIA"},"localidad":{"nombre_normalizado":"COLONIA DEL SACRAMENTO","idLocalidad":15},"inmueble":{"nombre":"SUC CORREO COLONIA","idPuntoNotable":1310086}},"codigoPostal":70000,"codigoPostalAmpliado":70061,"puntoX":-57.84593366887794,"puntoY":-34.46990036081934,"idPunto":1310086,"srid":4326,"idTipoClasificacion":22,"error":""}
EDIFISIO BIRASON, PUMTA DEL EZTE, NALDONADO;Punto Notable;youtrack tsubasa 24;;true;22;true;21;false;269;GeocoderResult(type=LOCALIDAD, id=61, address=PUNTA DEL ESTE, MALDONADO, idCalle=0, nomVia=null, postalCode=null, idLocalidad=0, localidad=PUNTA DEL ESTE, idDepartamento=0, departamento=MALDONADO, manzana=null, solar=null, poi=null, idCalleEsq=0, km=0.0, priority=0, geom=null, tip_via=null, lat=0.0, lng=0.0, portalNumber=0, stateMsg=, source=ide_uy, ranking=20.2, state=1);GeocoderResultV0(direccion=Direccion(departamento=NombreNormalizado(nombreNormalizado=MALDONADO), localidad=NombreNormalizado(nombreNormalizado=PUNTA DEL ESTE), calle=CalleNormalizada(nombreNormalizado=PUNTA DEL ESTE, MALDONADO, idCalle=61)), codigoPostal=0, codigoPostalAmpliado=0, puntoX=0.0, puntoY=0.0, srid=4326, idTipoClasificacion=3, error=null);NO ENCONTRADO
JUANQUIN DESALTERAIN 1322, MONTEVIDEO, MONTEVIDEO;Calle - Nro;youtrack tsubasa 26;;true;34;true;43;true;634;GeocoderResult(type=LOCALIDAD, id=3180, address=MONTEVIDEO, MONTEVIDEO, idCalle=0, nomVia=null, postalCode=null, idLocalidad=0, localidad=MONTEVIDEO, idDepartamento=0, departamento=MONTEVIDEO, manzana=null, solar=null, poi=null, idCalleEsq=0, km=0.0, priority=0, geom=null, tip_via=null, lat=0.0, lng=0.0, portalNumber=0, stateMsg=, source=ide_uy, ranking=20.0, state=1);GeocoderResultV0(direccion=Direccion(departamento=NombreNormalizado(nombreNormalizado=MONTEVIDEO), localidad=NombreNormalizado(nombreNormalizado=MONTEVIDEO), calle=CalleNormalizada(nombreNormalizado=MONTEVIDEO, MONTEVIDEO, idCalle=3180)), codigoPostal=0, codigoPostalAmpliado=0, puntoX=0.0, puntoY=0.0, srid=4326, idTipoClasificacion=3, error=null);{"direccion":{"localidad":{"nombre_normalizado":"MONTEVIDEO","idLocalidad":3180},"calle":{"nombre_normalizado":"DOCTOR JOAQUIN DE SALTERAIN","idCalle":8265},"numero":{"nro_puerta":1322}},"codigoPostal":11200,"codigoPostalAmpliado":11213,"puntoX":-56.16990064667246,"puntoY":-34.90455966139566,"idPunto":358673,"srid":4326,"idTipoClasificacion":1,"error":""}
SALTERAIN 1322, MONTEVIDEO, MONTEVIDEO;Calle - Nro;youtrack tsubasa 26;;true;23;true;19;false;570;GeocoderResult(type=LOCALIDAD, id=3180, address=MONTEVIDEO, MONTEVIDEO, idCalle=0, nomVia=null, postalCode=null, idLocalidad=0, localidad=MONTEVIDEO, idDepartamento=0, departamento=MONTEVIDEO, manzana=null, solar=null, poi=null, idCalleEsq=0, km=0.0, priority=0, geom=null, tip_via=null, lat=0.0, lng=0.0, portalNumber=0, stateMsg=, source=ide_uy, ranking=20.0, state=1);GeocoderResultV0(direccion=Direccion(departamento=NombreNormalizado(nombreNormalizado=MONTEVIDEO), localidad=NombreNormalizado(nombreNormalizado=MONTEVIDEO), calle=CalleNormalizada(nombreNormalizado=MONTEVIDEO, MONTEVIDEO, idCalle=3180)), codigoPostal=0, codigoPostalAmpliado=0, puntoX=0.0, puntoY=0.0, srid=4326, idTipoClasificacion=3, error=null);NO ENCONTRADO
J DE SALTERAIN 1322, MONTEVIDEO, MONTEVIDEO;Calle - Nro;youtrack tsubasa 26;;true;51;true;49;true;747;GeocoderResult(type=LOCALIDAD, id=3180, address=MONTEVIDEO, MONTEVIDEO, idCalle=0, nomVia=null, postalCode=null, idLocalidad=0, localidad=MONTEVIDEO, idDepartamento=0, departamento=MONTEVIDEO, manzana=null, solar=null, poi=null, idCalleEsq=0, km=0.0, priority=0, geom=null, tip_via=null, lat=0.0, lng=0.0, portalNumber=0, stateMsg=, source=ide_uy, ranking=20.0, state=1);GeocoderResultV0(direccion=Direccion(departamento=NombreNormalizado(nombreNormalizado=MONTEVIDEO), localidad=NombreNormalizado(nombreNormalizado=MONTEVIDEO), calle=CalleNormalizada(nombreNormalizado=MONTEVIDEO, MONTEVIDEO, idCalle=3180)), codigoPostal=0, codigoPostalAmpliado=0, puntoX=0.0, puntoY=0.0, srid=4326, idTipoClasificacion=3, error=null);{"direccion":{"localidad":{"nombre_normalizado":"MONTEVIDEO","idLocalidad":3180},"calle":{"nombre_normalizado":"DOCTOR JOAQUIN DE SALTERAIN","idCalle":8265},"numero":{"nro_puerta":1322}},"codigoPostal":11200,"codigoPostalAmpliado":11213,"puntoX":-56.16990064667246,"puntoY":-34.90455966139566,"idPunto":358673,"srid":4326,"idTipoClasificacion":1,"error":""}
JOAQUIN DE DE SALTERAIN 1322, MONTEVIDEO, MONTEVIDEO;Calle - Nro;youtrack tsubasa 26;;true;59;true;53;false;269;GeocoderResult(type=LOCALIDAD, id=3180, address=MONTEVIDEO, MONTEVIDEO, idCalle=0, nomVia=null, postalCode=null, idLocalidad=0, localidad=MONTEVIDEO, idDepartamento=0, departamento=MONTEVIDEO, manzana=null, solar=null, poi=null, idCalleEsq=0, km=0.0, priority=0, geom=null, tip_via=null, lat=0.0, lng=0.0, portalNumber=0, stateMsg=, source=ide_uy, ranking=20.0, state=1);GeocoderResultV0(direccion=Direccion(departamento=NombreNormalizado(nombreNormalizado=MONTEVIDEO), localidad=NombreNormalizado(nombreNormalizado=MONTEVIDEO), calle=CalleNormalizada(nombreNormalizado=MONTEVIDEO, MONTEVIDEO, idCalle=3180)), codigoPostal=0, codigoPostalAmpliado=0, puntoX=0.0, puntoY=0.0, srid=4326, idTipoClasificacion=3, error=null);NO ENCONTRADO
JOAQUIN SALTERAIN 1322, MONTEVIDEO, MONTEVIDEO;Calle - Nro;youtrack tsubasa 26;;true;44;true;47;true;721;GeocoderResult(type=LOCALIDAD, id=3180, address=MONTEVIDEO, MONTEVIDEO, idCalle=0, nomVia=null, postalCode=null, idLocalidad=0, localidad=MONTEVIDEO, idDepartamento=0, departamento=MONTEVIDEO, manzana=null, solar=null, poi=null, idCalleEsq=0, km=0.0, priority=0, geom=null, tip_via=null, lat=0.0, lng=0.0, portalNumber=0, stateMsg=, source=ide_uy, ranking=20.0, state=1);GeocoderResultV0(direccion=Direccion(departamento=NombreNormalizado(nombreNormalizado=MONTEVIDEO), localidad=NombreNormalizado(nombreNormalizado=MONTEVIDEO), calle=CalleNormalizada(nombreNormalizado=MONTEVIDEO, MONTEVIDEO, idCalle=3180)), codigoPostal=0, codigoPostalAmpliado=0, puntoX=0.0, puntoY=0.0, srid=4326, idTipoClasificacion=3, error=null);{"direccion":{"localidad":{"nombre_normalizado":"MONTEVIDEO","idLocalidad":3180},"calle":{"nombre_normalizado":"DOCTOR JOAQUIN DE SALTERAIN","idCalle":8265},"numero":{"nro_puerta":1322}},"codigoPostal":11200,"codigoPostalAmpliado":11213,"puntoX":-56.16990064667246,"puntoY":-34.90455966139566,"idPunto":358673,"srid":4326,"idTipoClasificacion":1,"error":""}
JOAQUIN DE SALTERAIN 1322, MONTEVIDEO, MONTEVIDEO;Calle - Nro;youtrack tsubasa 26;;true;64;true;64;false;292;GeocoderResult(type=LOCALIDAD, id=3180, address=MONTEVIDEO, MONTEVIDEO, idCalle=0, nomVia=null, postalCode=null, idLocalidad=0, localidad=MONTEVIDEO, idDepartamento=0, departamento=MONTEVIDEO, manzana=null, solar=null, poi=null, idCalleEsq=0, km=0.0, priority=0, geom=null, tip_via=null, lat=0.0, lng=0.0, portalNumber=0, stateMsg=, source=ide_uy, ranking=20.0, state=1);GeocoderResultV0(direccion=Direccion(departamento=NombreNormalizado(nombreNormalizado=MONTEVIDEO), localidad=NombreNormalizado(nombreNormalizado=MONTEVIDEO), calle=CalleNormalizada(nombreNormalizado=MONTEVIDEO, MONTEVIDEO, idCalle=3180)), codigoPostal=0, codigoPostalAmpliado=0, puntoX=0.0, puntoY=0.0, srid=4326, idTipoClasificacion=3, error=null);NO ENCONTRADO
RIO BRANCO ESQ MERCEDES, MONTEVIDEO, MONTEVIDEO;Calle - Nro;;;false;143;false;107;true;1581;NO ENCONTRADO;NO ENCONTRADO;{"direccion":{"departamento":{"nombre_normalizado":"MONTEVIDEO"},"localidad":{"nombre_normalizado":"MONTEVIDEO","idLocalidad":3180},"calle":{"nombre_normalizado":"RIO BRANCO","idCalle":9351},"esquina":{"nombre_normalizado":"MERCEDES","idCalle":8810}},"codigoPostal":11100,"codigoPostalAmpliado":11103,"puntoX":-56.196077301634524,"puntoY":-34.90433323616637,"srid":4326,"idTipoClasificacion":10,"error":""}
SUC CORREO COLONIA, COLOMIA, COLONIA;Punto Notable;youtrack tsubasa 24;;true;26;true;30;false;560;GeocoderResult(type=LOCALIDAD, id=15, address=COLONIA DEL SACRAMENTO, COLONIA, idCalle=0, nomVia=null, postalCode=null, idLocalidad=0, localidad=COLONIA DEL SACRAMENTO, idDepartamento=0, departamento=COLONIA, manzana=null, solar=null, poi=null, idCalleEsq=0, km=0.0, priority=0, geom=null, tip_via=null, lat=0.0, lng=0.0, portalNumber=0, stateMsg=, source=ide_uy, ranking=20.1, state=1);GeocoderResultV0(direccion=Direccion(departamento=NombreNormalizado(nombreNormalizado=COLONIA), localidad=NombreNormalizado(nombreNormalizado=COLONIA DEL SACRAMENTO), calle=CalleNormalizada(nombreNormalizado=COLONIA DEL SACRAMENTO, COLONIA, idCalle=15)), codigoPostal=0, codigoPostalAmpliado=0, puntoX=0.0, puntoY=0.0, srid=4326, idTipoClasificacion=3, error=null);NO ENCONTRADO
SUC CORREO COLONIA, COLONIA, COLONIA;Punto Notable;youtrack tsubasa 24;;true;25;true;22;true;564;GeocoderResult(type=LOCALIDAD, id=15, address=COLONIA DEL SACRAMENTO, COLONIA, idCalle=0, nomVia=null, postalCode=null, idLocalidad=0, localidad=COLONIA DEL SACRAMENTO, idDepartamento=0, departamento=COLONIA, manzana=null, solar=null, poi=null, idCalleEsq=0, km=0.0, priority=0, geom=null, tip_via=null, lat=0.0, lng=0.0, portalNumber=0, stateMsg=, source=ide_uy, ranking=20.1, state=1);GeocoderResultV0(direccion=Direccion(departamento=NombreNormalizado(nombreNormalizado=COLONIA), localidad=NombreNormalizado(nombreNormalizado=COLONIA DEL SACRAMENTO), calle=CalleNormalizada(nombreNormalizado=COLONIA DEL SACRAMENTO, COLONIA, idCalle=15)), codigoPostal=0, codigoPostalAmpliado=0, puntoX=0.0, puntoY=0.0, srid=4326, idTipoClasificacion=3, error=null);{"direccion":{"departamento":{"nombre_normalizado":"COLONIA"},"localidad":{"nombre_normalizado":"COLONIA DEL SACRAMENTO","idLocalidad":15},"inmueble":{"nombre":"SUC CORREO COLONIA","idPuntoNotable":1310086}},"codigoPostal":70000,"codigoPostalAmpliado":70061,"puntoX":-57.84593366887794,"puntoY":-34.46990036081934,"idPunto":1310086,"srid":4326,"idTipoClasificacion":9,"error":""}
RMBL 25 DE AGOSTO 1825, MONTEVIDEO, MONTEVIDEO;Punto Notable;youtrack tsubasa 50;;true;93;true;90;false;435;GeocoderResult(type=LOCALIDAD, id=3180, address=MONTEVIDEO, MONTEVIDEO, idCalle=0, nomVia=null, postalCode=null, idLocalidad=0, localidad=MONTEVIDEO, idDepartamento=0, departamento=MONTEVIDEO, manzana=null, solar=null, poi=null, idCalleEsq=0, km=0.0, priority=0, geom=null, tip_via=null, lat=0.0, lng=0.0, portalNumber=0, stateMsg=, source=ide_uy, ranking=20.0, state=1);GeocoderResultV0(direccion=Direccion(departamento=NombreNormalizado(nombreNormalizado=MONTEVIDEO), localidad=NombreNormalizado(nombreNormalizado=MONTEVIDEO), calle=CalleNormalizada(nombreNormalizado=MONTEVIDEO, MONTEVIDEO, idCalle=3180)), codigoPostal=0, codigoPostalAmpliado=0, puntoX=0.0, puntoY=0.0, srid=4326, idTipoClasificacion=3, error=null);NO ENCONTRADO
TACUARI 4382, MONTEVIDEO, MONTEVIDEO;Calle - Nro;youtrack tsubasa 51;;true;16;true;17;true;778;GeocoderResult(type=LOCALIDAD, id=3180, address=MONTEVIDEO, MONTEVIDEO, idCalle=0, nomVia=null, postalCode=null, idLocalidad=0, localidad=MONTEVIDEO, idDepartamento=0, departamento=MONTEVIDEO, manzana=null, solar=null, poi=null, idCalleEsq=0, km=0.0, priority=0, geom=null, tip_via=null, lat=0.0, lng=0.0, portalNumber=0, stateMsg=, source=ide_uy, ranking=20.1, state=1);GeocoderResultV0(direccion=Direccion(departamento=NombreNormalizado(nombreNormalizado=MONTEVIDEO), localidad=NombreNormalizado(nombreNormalizado=MONTEVIDEO), calle=CalleNormalizada(nombreNormalizado=MONTEVIDEO, MONTEVIDEO, idCalle=3180)), codigoPostal=0, codigoPostalAmpliado=0, puntoX=0.0, puntoY=0.0, srid=4326, idTipoClasificacion=3, error=null);{"direccion":{"localidad":{"nombre_normalizado":"MONTEVIDEO","idLocalidad":3180},"calle":{"nombre_normalizado":"TACUARI","idCalle":12721},"numero":{"nro_puerta":4382}},"codigoPostal":12900,"codigoPostalAmpliado":12914,"puntoX":-56.19833485055467,"puntoY":-34.83830839306846,"idPunto":2370581,"srid":4326,"idTipoClasificacion":1,"error":""}
CNO FCO. LECOCQ 1013, MONTEVIDEO, MONTEVIDEO;Calle - Nro;;;true;109;true;90;false;519;GeocoderResult(type=LOCALIDAD, id=3180, address=MONTEVIDEO, MONTEVIDEO, idCalle=0, nomVia=null, postalCode=null, idLocalidad=0, localidad=MONTEVIDEO, idDepartamento=0, departamento=MONTEVIDEO, manzana=null, solar=null, poi=null, idCalleEsq=0, km=0.0, priority=0, geom=null, tip_via=null, lat=0.0, lng=0.0, portalNumber=0, stateMsg=, source=ide_uy, ranking=20.0, state=1);GeocoderResultV0(direccion=Direccion(departamento=NombreNormalizado(nombreNormalizado=MONTEVIDEO), localidad=NombreNormalizado(nombreNormalizado=MONTEVIDEO), calle=CalleNormalizada(nombreNormalizado=MONTEVIDEO, MONTEVIDEO, idCalle=3180)), codigoPostal=0, codigoPostalAmpliado=0, puntoX=0.0, puntoY=0.0, srid=4326, idTipoClasificacion=3, error=null);NO ENCONTRADO
CNO LECOCQ 1013, MONTEVIDEO, MONTEVIDEO;Calle - Nro;;;true;159;true;104;true;652;GeocoderResult(type=LOCALIDAD, id=3180, address=MONTEVIDEO, MONTEVIDEO, idCalle=0, nomVia=null, postalCode=null, idLocalidad=0, localidad=MONTEVIDEO, idDepartamento=0, departamento=MONTEVIDEO, manzana=null, solar=null, poi=null, idCalleEsq=0, km=0.0, priority=0, geom=null, tip_via=null, lat=0.0, lng=0.0, portalNumber=0, stateMsg=, source=ide_uy, ranking=20.0, state=1);GeocoderResultV0(direccion=Direccion(departamento=NombreNormalizado(nombreNormalizado=MONTEVIDEO), localidad=NombreNormalizado(nombreNormalizado=MONTEVIDEO), calle=CalleNormalizada(nombreNormalizado=MONTEVIDEO, MONTEVIDEO, idCalle=3180)), codigoPostal=0, codigoPostalAmpliado=0, puntoX=0.0, puntoY=0.0, srid=4326, idTipoClasificacion=3, error=null);{"direccion":{"localidad":{"nombre_normalizado":"MONTEVIDEO","idLocalidad":3180},"calle":{"nombre_normalizado":"CAMINO LECOCQ","idCalle":8166},"numero":{"nro_puerta":1013}},"codigoPostal":12900,"codigoPostalAmpliado":12909,"puntoX":-56.23703297272331,"puntoY":-34.819377847019986,"idPunto":428789,"srid":4326,"idTipoClasificacion":1,"error":""}
BOLIVIA 1322, MONTEVIDEO, MONTEVIDEO;Calle - Nro;;;true;24;true;27;false;275;GeocoderResult(type=LOCALIDAD, id=3180, address=MONTEVIDEO, MONTEVIDEO, idCalle=0, nomVia=null, postalCode=null, idLocalidad=0, localidad=MONTEVIDEO, idDepartamento=0, departamento=MONTEVIDEO, manzana=null, solar=null, poi=null, idCalleEsq=0, km=0.0, priority=0, geom=null, tip_via=null, lat=0.0, lng=0.0, portalNumber=0, stateMsg=, source=ide_uy, ranking=20.0, state=1);GeocoderResultV0(direccion=Direccion(departamento=NombreNormalizado(nombreNormalizado=MONTEVIDEO), localidad=NombreNormalizado(nombreNormalizado=MONTEVIDEO), calle=CalleNormalizada(nombreNormalizado=MONTEVIDEO, MONTEVIDEO, idCalle=3180)), codigoPostal=0, codigoPostalAmpliado=0, puntoX=0.0, puntoY=0.0, srid=4326, idTipoClasificacion=3, error=null);NO ENCONTRADO
MANUEL MA FLORES 7880, MONTEVIDEO, MONTEVIDEO;Calle - Nro;;;true;149;true;117;true;943;GeocoderResult(type=LOCALIDAD, id=3180, address=MONTEVIDEO, MONTEVIDEO, idCalle=0, nomVia=null, postalCode=null, idLocalidad=0, localidad=MONTEVIDEO, idDepartamento=0, departamento=MONTEVIDEO, manzana=null, solar=null, poi=null, idCalleEsq=0, km=0.0, priority=0, geom=null, tip_via=null, lat=0.0, lng=0.0, portalNumber=0, stateMsg=, source=ide_uy, ranking=20.1, state=1);GeocoderResultV0(direccion=Direccion(departamento=NombreNormalizado(nombreNormalizado=MONTEVIDEO), localidad=NombreNormalizado(nombreNormalizado=MONTEVIDEO), calle=CalleNormalizada(nombreNormalizado=MONTEVIDEO, MONTEVIDEO, idCalle=3180)), codigoPostal=0, codigoPostalAmpliado=0, puntoX=0.0, puntoY=0.0, srid=4326, idTipoClasificacion=3, error=null);{"direccion":{"localidad":{"nombre_normalizado":"MONTEVIDEO","idLocalidad":3180},"calle":{"nombre_normalizado":"CAMINO MANUEL M FLORES","idCalle":8198},"numero":{"nro_puerta":7880}},"codigoPostal":12600,"codigoPostalAmpliado":12607,"puntoX":-56.31475016697262,"puntoY":-34.83397833210593,"idPunto":668152,"srid":4326,"idTipoClasificacion":1,"error":""}
MANUEL MELENDEZ 4454, MONTEVIDEO, MONTEVIDEO;Calle - Nro;;;true;92;true;69;false;451;GeocoderResult(type=LOCALIDAD, id=3180, address=MONTEVIDEO, MONTEVIDEO, idCalle=0, nomVia=null, postalCode=null, idLocalidad=0, localidad=MONTEVIDEO, idDepartamento=0, departamento=MONTEVIDEO, manzana=null, solar=null, poi=null, idCalleEsq=0, km=0.0, priority=0, geom=null, tip_via=null, lat=0.0, lng=0.0, portalNumber=0, stateMsg=, source=ide_uy, ranking=20.1, state=1);GeocoderResultV0(direccion=Direccion(departamento=NombreNormalizado(nombreNormalizado=MONTEVIDEO), localidad=NombreNormalizado(nombreNormalizado=MONTEVIDEO), calle=CalleNormalizada(nombreNormalizado=MONTEVIDEO, MONTEVIDEO, idCalle=3180)), codigoPostal=0, codigoPostalAmpliado=0, puntoX=0.0, puntoY=0.0, srid=4326, idTipoClasificacion=3, error=null);NO ENCONTRADO
EDIFICIO 19 DE JUNIO, MONTEVIDEO, MONTEVIDEO;Punto Notable;;;true;62;true;47;false;577;GeocoderResult(type=LOCALIDAD, id=3180, address=MONTEVIDEO, MONTEVIDEO, idCalle=0, nomVia=null, postalCode=null, idLocalidad=0, localidad=MONTEVIDEO, idDepartamento=0, departamento=MONTEVIDEO, manzana=null, solar=null, poi=null, idCalleEsq=0, km=0.0, priority=0, geom=null, tip_via=null, lat=0.0, lng=0.0, portalNumber=0, stateMsg=, source=ide_uy, ranking=20.3, state=1);GeocoderResultV0(direccion=Direccion(departamento=NombreNormalizado(nombreNormalizado=MONTEVIDEO), localidad=NombreNormalizado(nombreNormalizado=MONTEVIDEO), calle=CalleNormalizada(nombreNormalizado=MONTEVIDEO, MONTEVIDEO, idCalle=3180)), codigoPostal=0, codigoPostalAmpliado=0, puntoX=0.0, puntoY=0.0, srid=4326, idTipoClasificacion=3, error=null);NO ENCONTRADO
ENRIQUE MARTINEZ 1337, MONTEVIDEO, MONTEVIDEO;Calle - Nro;;;true;66;true;66;false;420;GeocoderResult(type=LOCALIDAD, id=3180, address=MONTEVIDEO, MONTEVIDEO, idCalle=0, nomVia=null, postalCode=null, idLocalidad=0, localidad=MONTEVIDEO, idDepartamento=0, departamento=MONTEVIDEO, manzana=null, solar=null, poi=null, idCalleEsq=0, km=0.0, priority=0, geom=null, tip_via=null, lat=0.0, lng=0.0, portalNumber=0, stateMsg=, source=ide_uy, ranking=20.2, state=1);GeocoderResultV0(direccion=Direccion(departamento=NombreNormalizado(nombreNormalizado=MONTEVIDEO), localidad=NombreNormalizado(nombreNormalizado=MONTEVIDEO), calle=CalleNormalizada(nombreNormalizado=MONTEVIDEO, MONTEVIDEO, idCalle=3180)), codigoPostal=0, codigoPostalAmpliado=0, puntoX=0.0, puntoY=0.0, srid=4326, idTipoClasificacion=3, error=null);NO ENCONTRADO
MANUEL FREIRE 1140, CIUDAD, TREINTA Y TRES;Calle - Nro;youtrack tsubasa 53;;false;93;false;74;true;515;NO ENCONTRADO;NO ENCONTRADO;{"codigoPostal":33000,"codigoPostalAmpliado":33063,"puntoX":-54.387148377449385,"puntoY":-33.237232385687626,"idPunto":2355039,"srid":4326,"idTipoClasificacion":1,"error":""}
CELEDONIO ROJAS 1543, CIUDAD, TREINTA Y TRES;Calle - Nro;youtrack tsubasa 53;;false;40;false;37;false;453;NO ENCONTRADO;NO ENCONTRADO;NO ENCONTRADO
ARTIGAS, GRAL., MINAS, LAVALLEJA;Funcionalidad;Geopostal 19;;true;67;true;50;false;810;GeocoderResult(type=LOCALIDAD, id=153, address=MINAS, LAVALLEJA, idCalle=0, nomVia=null, postalCode=null, idLocalidad=0, localidad=MINAS, idDepartamento=0, departamento=LAVALLEJA, manzana=null, solar=null, poi=null, idCalleEsq=0, km=0.0, priority=0, geom=null, tip_via=null, lat=0.0, lng=0.0, portalNumber=0, stateMsg=, source=ide_uy, ranking=20.1, state=1);GeocoderResultV0(direccion=Direccion(departamento=NombreNormalizado(nombreNormalizado=LAVALLEJA), localidad=NombreNormalizado(nombreNormalizado=MINAS), calle=CalleNormalizada(nombreNormalizado=MINAS, LAVALLEJA, idCalle=153)), codigoPostal=0, codigoPostalAmpliado=0, puntoX=0.0, puntoY=0.0, srid=4326, idTipoClasificacion=3, error=null);NO ENCONTRADO
CONSTITUCION 298, SANTA LUCIA, CANELONES;Funcionalidad;youtrack tsubasa 60;;true;46;true;43;false;518;GeocoderResult(type=LOCALIDAD, id=396, address=SANTA LUCIA, CANELONES, idCalle=0, nomVia=null, postalCode=null, idLocalidad=0, localidad=SANTA LUCIA, idDepartamento=0, departamento=CANELONES, manzana=null, solar=null, poi=null, idCalleEsq=0, km=0.0, priority=0, geom=null, tip_via=null, lat=0.0, lng=0.0, portalNumber=0, stateMsg=, source=ide_uy, ranking=20.6, state=1);GeocoderResultV0(direccion=Direccion(departamento=NombreNormalizado(nombreNormalizado=CANELONES), localidad=NombreNormalizado(nombreNormalizado=SANTA LUCIA), calle=CalleNormalizada(nombreNormalizado=SANTA LUCIA, CANELONES, idCalle=396)), codigoPostal=0, codigoPostalAmpliado=0, puntoX=0.0, puntoY=0.0, srid=4326, idTipoClasificacion=3, error=null);NO ENCONTRADO
CALLE 20 CASI 21, SANTA LUCIA DEL ESTE, CANELONES;Funcionalidad;youtrack tsubasa 60;;true;70;true;24;true;725;GeocoderResult(type=LOCALIDAD, id=2714, address=COSTA DEL TALA ESTE, CANELONES, idCalle=0, nomVia=null, postalCode=null, idLocalidad=0, localidad=COSTA DEL TALA ESTE, idDepartamento=0, departamento=CANELONES, manzana=null, solar=null, poi=null, idCalleEsq=0, km=0.0, priority=0, geom=null, tip_via=null, lat=0.0, lng=0.0, portalNumber=0, stateMsg=, source=ide_uy, ranking=20.6, state=1);GeocoderResultV0(direccion=Direccion(departamento=NombreNormalizado(nombreNormalizado=CANELONES), localidad=NombreNormalizado(nombreNormalizado=COSTA DEL TALA ESTE), calle=CalleNormalizada(nombreNormalizado=COSTA DEL TALA ESTE, CANELONES, idCalle=2714)), codigoPostal=0, codigoPostalAmpliado=0, puntoX=0.0, puntoY=0.0, srid=4326, idTipoClasificacion=3, error=null);{"codigoPostal":15400,"codigoPostalAmpliado":15462,"puntoX":-55.54334135609667,"puntoY":-34.78723040128398,"idPunto":906042,"srid":4326,"idTipoClasificacion":1,"error":""}
CL 2 PADRON 337, SANTA LUCIA DEL ESTE, CANELONES;Funcionalidad;youtrack tsubasa 60;;true;25;true;17;false;269;GeocoderResult(type=LOCALIDAD, id=676, address=SANTA LUCIA DEL ESTE, CANELONES, idCalle=0, nomVia=null, postalCode=null, idLocalidad=0, localidad=SANTA LUCIA DEL ESTE, idDepartamento=0, departamento=CANELONES, manzana=null, solar=null, poi=null, idCalleEsq=0, km=0.0, priority=0, geom=null, tip_via=null, lat=0.0, lng=0.0, portalNumber=0, stateMsg=, source=ide_uy, ranking=20.5, state=1);GeocoderResultV0(direccion=Direccion(departamento=NombreNormalizado(nombreNormalizado=CANELONES), localidad=NombreNormalizado(nombreNormalizado=SANTA LUCIA DEL ESTE), calle=CalleNormalizada(nombreNormalizado=SANTA LUCIA DEL ESTE, CANELONES, idCalle=676)), codigoPostal=0, codigoPostalAmpliado=0, puntoX=0.0, puntoY=0.0, srid=4326, idTipoClasificacion=3, error=null);NO ENCONTRADO
28 M:42 S:5  CASA BLANCA 2 PISOS REJAS VERDES, SANTA LUCIA DEL ESTE, CANELONES;Funcionalidad;youtrack tsubasa 60;;true;293;true;182;true;541;GeocoderResult(type=MANZANAySOLAR, id=664752, address=MANZANA 42 SOLAR 5, SANTA LUCIA DEL ESTE, CANELONES, idCalle=0, nomVia=MANZANA 42 SOLAR 5, postalCode=15462, idLocalidad=0, localidad=SANTA LUCIA DEL ESTE, idDepartamento=0, departamento=CANELONES, manzana=42, solar=5, poi=null, idCalleEsq=0, km=0.0, priority=0, geom=null, tip_via=null, lat=-34.785873334393266, lng=-55.53384230612878, portalNumber=0, stateMsg=, source=ide_uy, ranking=0.0, state=1);GeocoderResultV0(direccion=Direccion(departamento=NombreNormalizado(nombreNormalizado=CANELONES), localidad=NombreNormalizado(nombreNormalizado=SANTA LUCIA DEL ESTE), calle=CalleNormalizada(nombreNormalizado=MANZANA 42 SOLAR 5, SANTA LUCIA DEL ESTE, CANELONES, idCalle=664752)), codigoPostal=15400, codigoPostalAmpliado=15462, puntoX=-55.53384230612878, puntoY=-34.785873334393266, srid=4326, idTipoClasificacion=3, error=null);{"direccion":{"localidad":{"nombre_normalizado":"SANTA LUCIA DEL ESTE","idLocalidad":676},"manzana":"42","solar":"5"},"codigoPostal":15400,"codigoPostalAmpliado":15462,"puntoX":-55.53384230612878,"puntoY":-34.785873334393266,"idPunto":2034506,"srid":4326,"idTipoClasificacion":2,"error":""}
BOTAFOGO M42 S:11, PLAYA PASCUAL, SAN JOSE;Funcionalidad;youtrack tsubasa 61;;true;245;true;159;false;514;GeocoderResult(type=MANZANAySOLAR, id=392848, address=MANZANA 42 SOLAR 11, PLAYA PASCUAL, SAN JOSE, idCalle=0, nomVia=MANZANA 42 SOLAR 11, postalCode=80564, idLocalidad=0, localidad=PLAYA PASCUAL, idDepartamento=0, departamento=SAN JOSE, manzana=42, solar=11, poi=null, idCalleEsq=0, km=0.0, priority=0, geom=null, tip_via=null, lat=-34.74279752734967, lng=-56.460847473087746, portalNumber=0, stateMsg=, source=ide_uy, ranking=0.0, state=1);GeocoderResultV0(direccion=Direccion(departamento=NombreNormalizado(nombreNormalizado=SAN JOSE), localidad=NombreNormalizado(nombreNormalizado=PLAYA PASCUAL), calle=CalleNormalizada(nombreNormalizado=MANZANA 42 SOLAR 11, PLAYA PASCUAL, SAN JOSE, idCalle=392848)), codigoPostal=80500, codigoPostalAmpliado=80564, puntoX=-56.460847473087746, puntoY=-34.74279752734967, srid=4326, idTipoClasificacion=3, error=null);NO ENCONTRADO
TACUAREMBO 1361, MONTEVIDEO, MONTEVIDEO;Funcionalidad;youtrack tsubasa 63;;true;14;true;16;true;645;GeocoderResult(type=LOCALIDAD, id=3180, address=MONTEVIDEO, MONTEVIDEO, idCalle=0, nomVia=null, postalCode=null, idLocalidad=0, localidad=MONTEVIDEO, idDepartamento=0, departamento=MONTEVIDEO, manzana=null, solar=null, poi=null, idCalleEsq=0, km=0.0, priority=0, geom=null, tip_via=null, lat=0.0, lng=0.0, portalNumber=0, stateMsg=, source=ide_uy, ranking=20.1, state=1);GeocoderResultV0(direccion=Direccion(departamento=NombreNormalizado(nombreNormalizado=MONTEVIDEO), localidad=NombreNormalizado(nombreNormalizado=MONTEVIDEO), calle=CalleNormalizada(nombreNormalizado=MONTEVIDEO, MONTEVIDEO, idCalle=3180)), codigoPostal=0, codigoPostalAmpliado=0, puntoX=0.0, puntoY=0.0, srid=4326, idTipoClasificacion=3, error=null);{"direccion":{"localidad":{"nombre_normalizado":"MONTEVIDEO","idLocalidad":3180},"calle":{"nombre_normalizado":"TACUAREMBO","idCalle":9348},"numero":{"nro_puerta":1361}},"codigoPostal":11200,"codigoPostalAmpliado":11209,"puntoX":-56.181841369026266,"puntoY":-34.905740261311166,"idPunto":2355636,"srid":4326,"idTipoClasificacion":1,"error":""}
HAYA DE LA TORRE 1631, MONTEVIDEO, MONTEVIDEO;Funcionalidad;youtrack tsubasa 63;;true;75;true;77;false;398;GeocoderResult(type=LOCALIDAD, id=3180, address=MONTEVIDEO, MONTEVIDEO, idCalle=0, nomVia=null, postalCode=null, idLocalidad=0, localidad=MONTEVIDEO, idDepartamento=0, departamento=MONTEVIDEO, manzana=null, solar=null, poi=null, idCalleEsq=0, km=0.0, priority=0, geom=null, tip_via=null, lat=0.0, lng=0.0, portalNumber=0, stateMsg=, source=ide_uy, ranking=20.0, state=1);GeocoderResultV0(direccion=Direccion(departamento=NombreNormalizado(nombreNormalizado=MONTEVIDEO), localidad=NombreNormalizado(nombreNormalizado=MONTEVIDEO), calle=CalleNormalizada(nombreNormalizado=MONTEVIDEO, MONTEVIDEO, idCalle=3180)), codigoPostal=0, codigoPostalAmpliado=0, puntoX=0.0, puntoY=0.0, srid=4326, idTipoClasificacion=3, error=null);NO ENCONTRADO
JOSE PEDRO VARELA 3170, MONTEVIDEO, MONTEVIDEO;Funcionalidad;youtrack tsubasa 63;;true;93;true;95;true;666;GeocoderResult(type=LOCALIDAD, id=3180, address=MONTEVIDEO, MONTEVIDEO, idCalle=0, nomVia=null, postalCode=null, idLocalidad=0, localidad=MONTEVIDEO, idDepartamento=0, departamento=MONTEVIDEO, manzana=null, solar=null, poi=null, idCalleEsq=0, km=0.0, priority=0, geom=null, tip_via=null, lat=0.0, lng=0.0, portalNumber=0, stateMsg=, source=ide_uy, ranking=20.0, state=1);GeocoderResultV0(direccion=Direccion(departamento=NombreNormalizado(nombreNormalizado=MONTEVIDEO), localidad=NombreNormalizado(nombreNormalizado=MONTEVIDEO), calle=CalleNormalizada(nombreNormalizado=MONTEVIDEO, MONTEVIDEO, idCalle=3180)), codigoPostal=0, codigoPostalAmpliado=0, puntoX=0.0, puntoY=0.0, srid=4326, idTipoClasificacion=3, error=null);{"direccion":{"localidad":{"nombre_normalizado":"MONTEVIDEO","idLocalidad":3180},"calle":{"nombre_normalizado":"AVENIDA JOSE PEDRO VARELA","idCalle":11362},"numero":{"nro_puerta":3170}},"codigoPostal":11600,"codigoPostalAmpliado":11623,"puntoX":-56.16588619827892,"puntoY":-34.869375781549806,"idPunto":2370478,"srid":4326,"idTipoClasificacion":1,"error":""}
CL Buenos Aires Palacio de Correo, MONTEVIDEO, MONTEVIDEO;Punto Notable;;;true;41;true;37;false;294;GeocoderResult(type=LOCALIDAD, id=3180, address=MONTEVIDEO, MONTEVIDEO, idCalle=0, nomVia=null, postalCode=null, idLocalidad=0, localidad=MONTEVIDEO, idDepartamento=0, departamento=MONTEVIDEO, manzana=null, solar=null, poi=null, idCalleEsq=0, km=0.0, priority=0, geom=null, tip_via=null, lat=0.0, lng=0.0, portalNumber=0, stateMsg=, source=ide_uy, ranking=20.0, state=1);GeocoderResultV0(direccion=Direccion(departamento=NombreNormalizado(nombreNormalizado=MONTEVIDEO), localidad=NombreNormalizado(nombreNormalizado=MONTEVIDEO), calle=CalleNormalizada(nombreNormalizado=MONTEVIDEO, MONTEVIDEO, idCalle=3180)), codigoPostal=0, codigoPostalAmpliado=0, puntoX=0.0, puntoY=0.0, srid=4326, idTipoClasificacion=3, error=null);NO ENCONTRADO
CL Perez Castellano Edificio Perez Castellano, MONTEVIDEO, MONTEVIDEO;Punto Notable;;;true;26;true;30;true;5035;GeocoderResult(type=LOCALIDAD, id=3180, address=MONTEVIDEO, MONTEVIDEO, idCalle=0, nomVia=null, postalCode=null, idLocalidad=0, localidad=MONTEVIDEO, idDepartamento=0, departamento=MONTEVIDEO, manzana=null, solar=null, poi=null, idCalleEsq=0, km=0.0, priority=0, geom=null, tip_via=null, lat=0.0, lng=0.0, portalNumber=0, stateMsg=, source=ide_uy, ranking=20.0, state=1);GeocoderResultV0(direccion=Direccion(departamento=NombreNormalizado(nombreNormalizado=MONTEVIDEO), localidad=NombreNormalizado(nombreNormalizado=MONTEVIDEO), calle=CalleNormalizada(nombreNormalizado=MONTEVIDEO, MONTEVIDEO, idCalle=3180)), codigoPostal=0, codigoPostalAmpliado=0, puntoX=0.0, puntoY=0.0, srid=4326, idTipoClasificacion=3, error=null);{"codigoPostal":11000,"codigoPostalAmpliado":11001,"puntoX":-56.21093756156874,"puntoY":-34.90692863687613,"idPunto":445006,"srid":4326,"idTipoClasificacion":25,"error":""}
CL Perez Castellano CH 171 San Vicente, MONTEVIDEO, MONTEVIDEO;Punto Notable;;;true;41;true;44;false;349;GeocoderResult(type=LOCALIDAD, id=3180, address=MONTEVIDEO, MONTEVIDEO, idCalle=0, nomVia=null, postalCode=null, idLocalidad=0, localidad=MONTEVIDEO, idDepartamento=0, departamento=MONTEVIDEO, manzana=null, solar=null, poi=null, idCalleEsq=0, km=0.0, priority=0, geom=null, tip_via=null, lat=0.0, lng=0.0, portalNumber=0, stateMsg=, source=ide_uy, ranking=20.0, state=1);GeocoderResultV0(direccion=Direccion(departamento=NombreNormalizado(nombreNormalizado=MONTEVIDEO), localidad=NombreNormalizado(nombreNormalizado=MONTEVIDEO), calle=CalleNormalizada(nombreNormalizado=MONTEVIDEO, MONTEVIDEO, idCalle=3180)), codigoPostal=0, codigoPostalAmpliado=0, puntoX=0.0, puntoY=0.0, srid=4326, idTipoClasificacion=3, error=null);NO ENCONTRADO
AV Gianastassio Agencia Lagomar, LAGOMAR, CANELONES;Punto Notable;;;true;89;true;98;true;1242;GeocoderResult(type=LOCALIDAD, id=42, address=LAGOMAR, CANELONES, idCalle=0, nomVia=null, postalCode=null, idLocalidad=0, localidad=LAGOMAR, idDepartamento=0, departamento=CANELONES, manzana=null, solar=null, poi=null, idCalleEsq=0, km=0.0, priority=0, geom=null, tip_via=null, lat=0.0, lng=0.0, portalNumber=0, stateMsg=, source=ide_uy, ranking=20.1, state=1);GeocoderResultV0(direccion=Direccion(departamento=NombreNormalizado(nombreNormalizado=CANELONES), localidad=NombreNormalizado(nombreNormalizado=LAGOMAR), calle=CalleNormalizada(nombreNormalizado=LAGOMAR, CANELONES, idCalle=42)), codigoPostal=0, codigoPostalAmpliado=0, puntoX=0.0, puntoY=0.0, srid=4326, idTipoClasificacion=3, error=null);{"direccion":{"departamento":{"nombre_normalizado":"CANELONES"},"localidad":{"nombre_normalizado":"LAGOMAR","idLocalidad":42},"calle":{"nombre_normalizado":"AVENIDA INGENIERO LUIS GIANNATTASIO","idCalle":18175},"inmueble":{"nombre":"AGENCIA LAGOMAR","idPuntoNotable":1163286}},"codigoPostal":15000,"codigoPostalAmpliado":15066,"puntoX":-55.98486259333344,"puntoY":-34.83605443980483,"idPunto":1163286,"srid":4326,"idTipoClasificacion":25,"error":""}
AV Gianastassio MZ 35 SOLAR 3510, LAGOMAR, CANELONES;Manzana - Solar;;;true;88;true;86;false;540;GeocoderResult(type=LOCALIDAD, id=42, address=LAGOMAR, CANELONES, idCalle=0, nomVia=null, postalCode=null, idLocalidad=0, localidad=LAGOMAR, idDepartamento=0, departamento=CANELONES, manzana=null, solar=null, poi=null, idCalleEsq=0, km=0.0, priority=0, geom=null, tip_via=null, lat=0.0, lng=0.0, portalNumber=0, stateMsg=, source=ide_uy, ranking=20.1, state=1);GeocoderResultV0(direccion=Direccion(departamento=NombreNormalizado(nombreNormalizado=CANELONES), localidad=NombreNormalizado(nombreNormalizado=LAGOMAR), calle=CalleNormalizada(nombreNormalizado=LAGOMAR, CANELONES, idCalle=42)), codigoPostal=0, codigoPostalAmpliado=0, puntoX=0.0, puntoY=0.0, srid=4326, idTipoClasificacion=3, error=null);NO ENCONTRADO
AV Gianastassio  KM 21,500 izquierdo, LAGOMAR, CANELONES;Ruta - Km.;;;true;76;true;70;false;2003;GeocoderResult(type=LOCALIDAD, id=42, address=LAGOMAR, CANELONES, idCalle=0, nomVia=null, postalCode=null, idLocalidad=0, localidad=LAGOMAR, idDepartamento=0, departamento=CANELONES, manzana=null, solar=null, poi=null, idCalleEsq=0, km=0.0, priority=0, geom=null, tip_via=null, lat=0.0, lng=0.0, portalNumber=0, stateMsg=, source=ide_uy, ranking=20.1, state=1);GeocoderResultV0(direccion=Direccion(departamento=NombreNormalizado(nombreNormalizado=CANELONES), localidad=NombreNormalizado(nombreNormalizado=LAGOMAR), calle=CalleNormalizada(nombreNormalizado=LAGOMAR, CANELONES, idCalle=42)), codigoPostal=0, codigoPostalAmpliado=0, puntoX=0.0, puntoY=0.0, srid=4326, idTipoClasificacion=3, error=null);NO ENCONTRADO
RUTA 8  KM 17500 izquierdo, MONTEVIDEO, MONTEVIDEO;Ruta - Km.;;;true;315;true;139;false;465;GeocoderResult(type=RUTAyKM, id=40433, address=RUTA 8 - BRIG. GRAL. JUAN A. LAVALLEJA KM 17.5, idCalle=40433, nomVia=RUTA 8 - BRIG. GRAL. JUAN A. LAVALLEJA, postalCode=null, idLocalidad=0, localidad=null, idDepartamento=0, departamento=null, manzana=null, solar=null, poi=null, idCalleEsq=0, km=17.5, priority=0, geom=null, tip_via=null, lat=0.0, lng=0.0, portalNumber=0, stateMsg=, source=ide_uy, ranking=0.0, state=1);GeocoderResultV0(direccion=Direccion(departamento=NombreNormalizado(nombreNormalizado=null), localidad=NombreNormalizado(nombreNormalizado=null), calle=CalleNormalizada(nombreNormalizado=RUTA 8 - BRIG. GRAL. JUAN A. LAVALLEJA KM 17.5, idCalle=40433)), codigoPostal=0, codigoPostalAmpliado=0, puntoX=0.0, puntoY=0.0, srid=4326, idTipoClasificacion=3, error=null);NO ENCONTRADO
RUTA 8  ZONA FRANCA Zona Amrica, MONTEVIDEO, MONTEVIDEO;Entidad Colectiva;;;true;136;true;90;true;1091;GeocoderResult(type=LOCALIDAD, id=3180, address=MONTEVIDEO, MONTEVIDEO, idCalle=0, nomVia=null, postalCode=null, idLocalidad=0, localidad=MONTEVIDEO, idDepartamento=0, departamento=MONTEVIDEO, manzana=null, solar=null, poi=null, idCalleEsq=0, km=0.0, priority=0, geom=null, tip_via=null, lat=0.0, lng=0.0, portalNumber=0, stateMsg=, source=ide_uy, ranking=20.0, state=1);GeocoderResultV0(direccion=Direccion(departamento=NombreNormalizado(nombreNormalizado=MONTEVIDEO), localidad=NombreNormalizado(nombreNormalizado=MONTEVIDEO), calle=CalleNormalizada(nombreNormalizado=MONTEVIDEO, MONTEVIDEO, idCalle=3180)), codigoPostal=0, codigoPostalAmpliado=0, puntoX=0.0, puntoY=0.0, srid=4326, idTipoClasificacion=3, error=null);{"codigoPostal":13000,"codigoPostalAmpliado":13012,"puntoX":-56.047073206678895,"puntoY":-34.77591083996089,"idPunto":378240,"srid":4326,"idTipoClasificacion":1,"error":""}
RUTA 8  edificio @3, MONTEVIDEO, MONTEVIDEO;Punto Notable;;;true;149;true;126;false;495;GeocoderResult(type=LOCALIDAD, id=3180, address=MONTEVIDEO, MONTEVIDEO, idCalle=0, nomVia=null, postalCode=null, idLocalidad=0, localidad=MONTEVIDEO, idDepartamento=0, departamento=MONTEVIDEO, manzana=null, solar=null, poi=null, idCalleEsq=0, km=0.0, priority=0, geom=null, tip_via=null, lat=0.0, lng=0.0, portalNumber=0, stateMsg=, source=ide_uy, ranking=20.0, state=1);GeocoderResultV0(direccion=Direccion(departamento=NombreNormalizado(nombreNormalizado=MONTEVIDEO), localidad=NombreNormalizado(nombreNormalizado=MONTEVIDEO), calle=CalleNormalizada(nombreNormalizado=MONTEVIDEO, MONTEVIDEO, idCalle=3180)), codigoPostal=0, codigoPostalAmpliado=0, puntoX=0.0, puntoY=0.0, srid=4326, idTipoClasificacion=3, error=null);NO ENCONTRADO
CABILDO DE 1815 2323, MONTEVIDEO, MONTEVIDEO;Calle - Nro;;;true;153;true;117;false;715;GeocoderResult(type=LOCALIDAD, id=3180, address=MONTEVIDEO, MONTEVIDEO, idCalle=0, nomVia=null, postalCode=null, idLocalidad=0, localidad=MONTEVIDEO, idDepartamento=0, departamento=MONTEVIDEO, manzana=null, solar=null, poi=null, idCalleEsq=0, km=0.0, priority=0, geom=null, tip_via=null, lat=0.0, lng=0.0, portalNumber=0, stateMsg=, source=ide_uy, ranking=20.0, state=1);GeocoderResultV0(direccion=Direccion(departamento=NombreNormalizado(nombreNormalizado=MONTEVIDEO), localidad=NombreNormalizado(nombreNormalizado=MONTEVIDEO), calle=CalleNormalizada(nombreNormalizado=MONTEVIDEO, MONTEVIDEO, idCalle=3180)), codigoPostal=0, codigoPostalAmpliado=0, puntoX=0.0, puntoY=0.0, srid=4326, idTipoClasificacion=3, error=null);NO ENCONTRADO
ZELMAR MICHELINI 992, , TACUAREMBO;Calle - Nro;youtrack tsubasa 73;La dir es nica en el depto (loc Paso de los Toros);false;25;false;22;false;557;NO ENCONTRADO;NO ENCONTRADO;NO ENCONTRADO
MINAS 1777 ESQ GALICIA, MONTEVIDEO, MONTEVIDEO;Calle - Nro;;;false;112;false;130;true;678;NO ENCONTRADO;NO ENCONTRADO;{"direccion":{"localidad":{"nombre_normalizado":"MONTEVIDEO","idLocalidad":3180},"calle":{"nombre_normalizado":"MINAS","idCalle":8907},"numero":{"nro_puerta":1777}},"codigoPostal":11200,"codigoPostalAmpliado":11203,"puntoX":-56.18366462290273,"puntoY":-34.898357575164525,"idPunto":421541,"srid":4326,"idTipoClasificacion":1,"error":""}
ruta 8 km 45, , ;Ruta - Km.;;;true;287;true;170;false;466;GeocoderResult(type=RUTAyKM, id=40433, address=RUTA 8 - BRIG. GRAL. JUAN A. LAVALLEJA KM 45.0, idCalle=40433, nomVia=RUTA 8 - BRIG. GRAL. JUAN A. LAVALLEJA, postalCode=null, idLocalidad=0, localidad=null, idDepartamento=0, departamento=null, manzana=null, solar=null, poi=null, idCalleEsq=0, km=45.0, priority=0, geom=null, tip_via=null, lat=0.0, lng=0.0, portalNumber=0, stateMsg=, source=ide_uy, ranking=0.0, state=1);GeocoderResultV0(direccion=Direccion(departamento=NombreNormalizado(nombreNormalizado=null), localidad=NombreNormalizado(nombreNormalizado=null), calle=CalleNormalizada(nombreNormalizado=RUTA 8 - BRIG. GRAL. JUAN A. LAVALLEJA KM 45.0, idCalle=40433)), codigoPostal=0, codigoPostalAmpliado=0, puntoX=0.0, puntoY=0.0, srid=4326, idTipoClasificacion=3, error=null);NO ENCONTRADO
acceso ruta 1 y 5 km 2, , ;Ruta - Km.;youtrack tsubasa 100;;true;307;true;149;false;1079;GeocoderResult(type=RUTAyKM, id=40435, address=RUTA 1 - BRIG. GRAL. MANUEL ORIBE KM 5.0, idCalle=40435, nomVia=RUTA 1 - BRIG. GRAL. MANUEL ORIBE, postalCode=null, idLocalidad=0, localidad=null, idDepartamento=0, departamento=null, manzana=null, solar=null, poi=null, idCalleEsq=0, km=5.0, priority=0, geom=null, tip_via=null, lat=0.0, lng=0.0, portalNumber=0, stateMsg=, source=ide_uy, ranking=0.0, state=1);GeocoderResultV0(direccion=Direccion(departamento=NombreNormalizado(nombreNormalizado=null), localidad=NombreNormalizado(nombreNormalizado=null), calle=CalleNormalizada(nombreNormalizado=RUTA 1 - BRIG. GRAL. MANUEL ORIBE KM 5.0, idCalle=40435)), codigoPostal=0, codigoPostalAmpliado=0, puntoX=0.0, puntoY=0.0, srid=4326, idTipoClasificacion=3, error=null);NO ENCONTRADO
SUC CORREO 25 DE MAYO, , ;Punto Notable;;;false;57;false;48;false;269;NO ENCONTRADO;NO ENCONTRADO;NO ENCONTRADO
Alejandro Flemming 1506, Montevideo, Montevideo;Calle - Nro;;La via correcta es con una m sola;true;33;true;30;true;789;GeocoderResult(type=LOCALIDAD, id=3180, address=MONTEVIDEO, MONTEVIDEO, idCalle=0, nomVia=null, postalCode=null, idLocalidad=0, localidad=MONTEVIDEO, idDepartamento=0, departamento=MONTEVIDEO, manzana=null, solar=null, poi=null, idCalleEsq=0, km=0.0, priority=0, geom=null, tip_via=null, lat=0.0, lng=0.0, portalNumber=0, stateMsg=, source=ide_uy, ranking=20.0, state=1);GeocoderResultV0(direccion=Direccion(departamento=NombreNormalizado(nombreNormalizado=MONTEVIDEO), localidad=NombreNormalizado(nombreNormalizado=MONTEVIDEO), calle=CalleNormalizada(nombreNormalizado=MONTEVIDEO, MONTEVIDEO, idCalle=3180)), codigoPostal=0, codigoPostalAmpliado=0, puntoX=0.0, puntoY=0.0, srid=4326, idTipoClasificacion=3, error=null);{"direccion":{"localidad":{"nombre_normalizado":"MONTEVIDEO","idLocalidad":3180},"calle":{"nombre_normalizado":"DOCTOR ALEJANDRO FLEMING","idCalle":9489},"numero":{"nro_puerta":1506}},"codigoPostal":11400,"codigoPostalAmpliado":11416,"puntoX":-56.09203224069671,"puntoY":-34.89172729899498,"idPunto":468363,"srid":4326,"idTipoClasificacion":1,"error":""}
RUTA KM 21700 SOLAR 5 MANZ 1 BARRIO MONARCA, Montevideo, Montevideo;Funcionalidad;Tsubasa-101;Caso de direccin deficiente;false;15;false;15;false;285;NO ENCONTRADO;NO ENCONTRADO;NO ENCONTRADO
RUTA KM 17500 Esq.EDIFICIO BIOTEC PZA1, Montevideo, Montevideo;Funcionalidad;Tsubasa-101;Caso de direccin deficiente;false;8;false;7;true;2843;NO ENCONTRADO;NO ENCONTRADO;{"codigoPostal":13000,"codigoPostalAmpliado":13011,"puntoX":-56.06867816832116,"puntoY":-34.79153133371706,"srid":4326,"idTipoClasificacion":14,"error":""}
RUTA KM 19 PASAJE B 10053, Montevideo, Montevideo;Funcionalidad;Tsubasa-101;Caso de direccin deficiente;true;339;true;322;false;301;GeocoderResult(type=RUTAyKM, id=40530, address=RUTA 19 - CNEL. LORENZO LATORRE KM 10.053, idCalle=40530, nomVia=RUTA 19 - CNEL. LORENZO LATORRE, postalCode=null, idLocalidad=0, localidad=null, idDepartamento=0, departamento=null, manzana=null, solar=null, poi=null, idCalleEsq=0, km=10.053, priority=0, geom=null, tip_via=null, lat=0.0, lng=0.0, portalNumber=0, stateMsg=, source=ide_uy, ranking=0.0, state=1);GeocoderResultV0(direccion=Direccion(departamento=NombreNormalizado(nombreNormalizado=null), localidad=NombreNormalizado(nombreNormalizado=null), calle=CalleNormalizada(nombreNormalizado=RUTA 19 - CNEL. LORENZO LATORRE KM 10.053, idCalle=40530)), codigoPostal=0, codigoPostalAmpliado=0, puntoX=0.0, puntoY=0.0, srid=4326, idTipoClasificacion=3, error=null);NO ENCONTRADO
25 DE AGOSTO 1147, , SAN JOSE;Departamento;;;false;191;false;114;true;699;NO ENCONTRADO;NO ENCONTRADO;{"codigoPostal":95400,"codigoPostalAmpliado":95461,"puntoX":-56.400967358380015,"puntoY":-34.41243740615996,"idPunto":1408909,"srid":4326,"idTipoClasificacion":22,"error":""}
PEREZ CASTELLANOS M. 9 S. 18, LAS PIEDRAS - EL DORADO, CANELONES;Funcionalidad;;;true;317;true;173;false;304;GeocoderResult(type=MANZANAySOLAR, id=701777, address=MANZANA 9 SOLAR 18, LAS PIEDRAS, CANELONES, idCalle=0, nomVia=MANZANA 9 SOLAR 18, postalCode=15963, idLocalidad=0, localidad=LAS PIEDRAS, idDepartamento=0, departamento=CANELONES, manzana=9, solar=18, poi=null, idCalleEsq=0, km=0.0, priority=0, geom=null, tip_via=null, lat=-34.727760410989646, lng=-56.21888651447262, portalNumber=0, stateMsg=, source=ide_uy, ranking=0.0, state=1);GeocoderResultV0(direccion=Direccion(departamento=NombreNormalizado(nombreNormalizado=CANELONES), localidad=NombreNormalizado(nombreNormalizado=LAS PIEDRAS), calle=CalleNormalizada(nombreNormalizado=MANZANA 9 SOLAR 18, LAS PIEDRAS, CANELONES, idCalle=701777)), codigoPostal=15900, codigoPostalAmpliado=15963, puntoX=-56.21888651447262, puntoY=-34.727760410989646, srid=4326, idTipoClasificacion=3, error=null);NO ENCONTRADO
Edificio @3, Montevideo, Montevideo;Punto Notable;;Prueba slo con el punto notable sin el nombre de la ruta.;true;15;true;16;true;1198;GeocoderResult(type=LOCALIDAD, id=3180, address=MONTEVIDEO, MONTEVIDEO, idCalle=0, nomVia=null, postalCode=null, idLocalidad=0, localidad=MONTEVIDEO, idDepartamento=0, departamento=MONTEVIDEO, manzana=null, solar=null, poi=null, idCalleEsq=0, km=0.0, priority=0, geom=null, tip_via=null, lat=0.0, lng=0.0, portalNumber=0, stateMsg=, source=ide_uy, ranking=20.3, state=1);GeocoderResultV0(direccion=Direccion(departamento=NombreNormalizado(nombreNormalizado=MONTEVIDEO), localidad=NombreNormalizado(nombreNormalizado=MONTEVIDEO), calle=CalleNormalizada(nombreNormalizado=MONTEVIDEO, MONTEVIDEO, idCalle=3180)), codigoPostal=0, codigoPostalAmpliado=0, puntoX=0.0, puntoY=0.0, srid=4326, idTipoClasificacion=3, error=null);{"direccion":{"departamento":{"nombre_normalizado":"MONTEVIDEO"},"localidad":{"nombre_normalizado":"MONTEVIDEO","idLocalidad":3180},"inmueble":{"nombre":"EDIFICIO ANCAP","idPuntoNotable":2341203}},"codigoPostal":11100,"codigoPostalAmpliado":11104,"puntoX":-56.192756102261505,"puntoY":-34.90186837863755,"idPunto":2341203,"srid":4326,"idTipoClasificacion":22,"error":""}
LEANDRO GOMEZ 528, Montevideo, Paysandu;Funcionalidad;;;true;27;true;28;false;454;GeocoderResult(type=LOCALIDAD, id=313, address=ARBOLITO (TOTORAL), PAYSANDU, idCalle=0, nomVia=null, postalCode=null, idLocalidad=0, localidad=ARBOLITO (TOTORAL), idDepartamento=0, departamento=PAYSANDU, manzana=null, solar=null, poi=null, idCalleEsq=0, km=0.0, priority=0, geom=null, tip_via=null, lat=0.0, lng=0.0, portalNumber=0, stateMsg=, source=ide_uy, ranking=20.1, state=1);GeocoderResultV0(direccion=Direccion(departamento=NombreNormalizado(nombreNormalizado=PAYSANDU), localidad=NombreNormalizado(nombreNormalizado=ARBOLITO (TOTORAL)), calle=CalleNormalizada(nombreNormalizado=ARBOLITO (TOTORAL), PAYSANDU, idCalle=313)), codigoPostal=0, codigoPostalAmpliado=0, puntoX=0.0, puntoY=0.0, srid=4326, idTipoClasificacion=3, error=null);NO ENCONTRADO
CALLE 26 Y CIUDAD DE MVDEO, ATLANTIDA-AGUARAYBA-, CANELONES;Funcionalidad;;;true;41;true;53;true;1759;GeocoderResult(type=LOCALIDAD, id=38, address=ATLANTIDA, CANELONES, idCalle=0, nomVia=null, postalCode=null, idLocalidad=0, localidad=ATLANTIDA, idDepartamento=0, departamento=CANELONES, manzana=null, solar=null, poi=null, idCalleEsq=0, km=0.0, priority=0, geom=null, tip_via=null, lat=0.0, lng=0.0, portalNumber=0, stateMsg=, source=ide_uy, ranking=20.5, state=1);GeocoderResultV0(direccion=Direccion(departamento=NombreNormalizado(nombreNormalizado=CANELONES), localidad=NombreNormalizado(nombreNormalizado=ATLANTIDA), calle=CalleNormalizada(nombreNormalizado=ATLANTIDA, CANELONES, idCalle=38)), codigoPostal=0, codigoPostalAmpliado=0, puntoX=0.0, puntoY=0.0, srid=4326, idTipoClasificacion=3, error=null);{"codigoPostal":15200,"codigoPostalAmpliado":15261,"puntoX":-55.757053485791054,"puntoY":-34.77645929888599,"idPunto":1444500,"srid":4326,"idTipoClasificacion":1,"error":""}
LOS CEIBOS Y FLORIDA S.73 M. D, PANDO "BARRIO ESTADIO, CANELONES;Funcionalidad;;;true;50;true;47;false;266;GeocoderResult(type=LOCALIDAD, id=2975, address=BARRIO LOS PANORAMAS, CANELONES, idCalle=0, nomVia=null, postalCode=null, idLocalidad=0, localidad=BARRIO LOS PANORAMAS, idDepartamento=0, departamento=CANELONES, manzana=null, solar=null, poi=null, idCalleEsq=0, km=0.0, priority=0, geom=null, tip_via=null, lat=0.0, lng=0.0, portalNumber=0, stateMsg=, source=ide_uy, ranking=21.2, state=1);GeocoderResultV0(direccion=Direccion(departamento=NombreNormalizado(nombreNormalizado=CANELONES), localidad=NombreNormalizado(nombreNormalizado=BARRIO LOS PANORAMAS), calle=CalleNormalizada(nombreNormalizado=BARRIO LOS PANORAMAS, CANELONES, idCalle=2975)), codigoPostal=0, codigoPostalAmpliado=0, puntoX=0.0, puntoY=0.0, srid=4326, idTipoClasificacion=3, error=null);NO ENCONTRADO
SOLIS MAN. 34 SOL. 32, EL DORADO, CANELONES;Funcionalidad;;;false;213;false;70;false;559;NO ENCONTRADO;NO ENCONTRADO;NO ENCONTRADO
yacson 1174 apt 401 esq costituyente, MONTEVIDEO, MONTEVIDEO;Funcionalidad;;Prueba de diccionario;false;44;false;32;false;383;NO ENCONTRADO;NO ENCONTRADO;NO ENCONTRADO
zulfenden 2090 block 2 a ap 303 esq pitagoras, MONTEVIDEO, MONTEVIDEO;Funcionalidad;;Prueba de diccionario;false;119;false;113;false;737;NO ENCONTRADO;NO ENCONTRADO;NO ENCONTRADO
hevaristo cigaanda  1340/1 , MONTEVIDEO, MONTEVIDEO;Funcionalidad;;Prueba de diccionario;true;16;true;16;false;380;GeocoderResult(type=LOCALIDAD, id=3180, address=MONTEVIDEO, MONTEVIDEO, idCalle=0, nomVia=null, postalCode=null, idLocalidad=0, localidad=MONTEVIDEO, idDepartamento=0, departamento=MONTEVIDEO, manzana=null, solar=null, poi=null, idCalleEsq=0, km=0.0, priority=0, geom=null, tip_via=null, lat=0.0, lng=0.0, portalNumber=0, stateMsg=, source=ide_uy, ranking=20.0, state=1);GeocoderResultV0(direccion=Direccion(departamento=NombreNormalizado(nombreNormalizado=MONTEVIDEO), localidad=NombreNormalizado(nombreNormalizado=MONTEVIDEO), calle=CalleNormalizada(nombreNormalizado=MONTEVIDEO, MONTEVIDEO, idCalle=3180)), codigoPostal=0, codigoPostalAmpliado=0, puntoX=0.0, puntoY=0.0, srid=4326, idTipoClasificacion=3, error=null);NO ENCONTRADO
fraibentos 3556 , MONTEVIDEO, MONTEVIDEO;Funcionalidad;;Prueba de diccionario;true;19;true;18;false;671;GeocoderResult(type=LOCALIDAD, id=3180, address=MONTEVIDEO, MONTEVIDEO, idCalle=0, nomVia=null, postalCode=null, idLocalidad=0, localidad=MONTEVIDEO, idDepartamento=0, departamento=MONTEVIDEO, manzana=null, solar=null, poi=null, idCalleEsq=0, km=0.0, priority=0, geom=null, tip_via=null, lat=0.0, lng=0.0, portalNumber=0, stateMsg=, source=ide_uy, ranking=20.0, state=1);GeocoderResultV0(direccion=Direccion(departamento=NombreNormalizado(nombreNormalizado=MONTEVIDEO), localidad=NombreNormalizado(nombreNormalizado=MONTEVIDEO), calle=CalleNormalizada(nombreNormalizado=MONTEVIDEO, MONTEVIDEO, idCalle=3180)), codigoPostal=0, codigoPostalAmpliado=0, puntoX=0.0, puntoY=0.0, srid=4326, idTipoClasificacion=3, error=null);NO ENCONTRADO
teniente galiano 4159 , MONTEVIDEO, MONTEVIDEO;Funcionalidad;;Prueba de diccionario;true;32;true;31;false;450;GeocoderResult(type=LOCALIDAD, id=3180, address=MONTEVIDEO, MONTEVIDEO, idCalle=0, nomVia=null, postalCode=null, idLocalidad=0, localidad=MONTEVIDEO, idDepartamento=0, departamento=MONTEVIDEO, manzana=null, solar=null, poi=null, idCalleEsq=0, km=0.0, priority=0, geom=null, tip_via=null, lat=0.0, lng=0.0, portalNumber=0, stateMsg=, source=ide_uy, ranking=20.7, state=1);GeocoderResultV0(direccion=Direccion(departamento=NombreNormalizado(nombreNormalizado=MONTEVIDEO), localidad=NombreNormalizado(nombreNormalizado=MONTEVIDEO), calle=CalleNormalizada(nombreNormalizado=MONTEVIDEO, MONTEVIDEO, idCalle=3180)), codigoPostal=0, codigoPostalAmpliado=0, puntoX=0.0, puntoY=0.0, srid=4326, idTipoClasificacion=3, error=null);NO ENCONTRADO
RUTA 6 KM. 23, TOLEDO, CANELONES;Ruta - Km.;;Tsubasa esta devolviendo el radio cartero 36292 - Cerro Largo;true;287;true;153;true;2000;GeocoderResult(type=RUTAyKM, id=40439, address=RUTA 6 - JOAQUIN SUAREZ KM 23.0, idCalle=40439, nomVia=RUTA 6 - JOAQUIN SUAREZ, postalCode=null, idLocalidad=0, localidad=null, idDepartamento=0, departamento=null, manzana=null, solar=null, poi=null, idCalleEsq=0, km=23.0, priority=0, geom=null, tip_via=null, lat=0.0, lng=0.0, portalNumber=0, stateMsg=, source=ide_uy, ranking=0.0, state=1);GeocoderResultV0(direccion=Direccion(departamento=NombreNormalizado(nombreNormalizado=null), localidad=NombreNormalizado(nombreNormalizado=null), calle=CalleNormalizada(nombreNormalizado=RUTA 6 - JOAQUIN SUAREZ KM 23.0, idCalle=40439)), codigoPostal=0, codigoPostalAmpliado=0, puntoX=0.0, puntoY=0.0, srid=4326, idTipoClasificacion=3, error=null);{"codigoPostal":15700,"codigoPostalAmpliado":15763,"puntoX":-56.081576629673805,"puntoY":-34.76931039726162,"idPunto":772182,"srid":4326,"idTipoClasificacion":1,"error":""}
CESAR MAYO GUTIERREZ 39, LA PAZ, CANELONES;Calle - Nro;;Tsubasa esta devolviendo el codigo postal 70292 - Colonia;true;50;true;38;false;266;GeocoderResult(type=LOCALIDAD, id=392, address=LA PAZ, CANELONES, idCalle=0, nomVia=null, postalCode=null, idLocalidad=0, localidad=LA PAZ, idDepartamento=0, departamento=CANELONES, manzana=null, solar=null, poi=null, idCalleEsq=0, km=0.0, priority=0, geom=null, tip_via=null, lat=0.0, lng=0.0, portalNumber=0, stateMsg=, source=ide_uy, ranking=20.3, state=1);GeocoderResultV0(direccion=Direccion(departamento=NombreNormalizado(nombreNormalizado=CANELONES), localidad=NombreNormalizado(nombreNormalizado=LA PAZ), calle=CalleNormalizada(nombreNormalizado=LA PAZ, CANELONES, idCalle=392)), codigoPostal=0, codigoPostalAmpliado=0, puntoX=0.0, puntoY=0.0, srid=4326, idTipoClasificacion=3, error=null);NO ENCONTRADO
Gral. Garibaldi 519, Melo, Cerro Largo;Funcionalidad;;El punto existe, id 856819, pero tsubasa lo codifica por vecino;true;189;true;137;false;622;GeocoderResult(type=LOCALIDAD, id=494, address=MELO, CERRO LARGO, idCalle=0, nomVia=null, postalCode=null, idLocalidad=0, localidad=MELO, idDepartamento=0, departamento=CERRO LARGO, manzana=null, solar=null, poi=null, idCalleEsq=0, km=0.0, priority=0, geom=null, tip_via=null, lat=0.0, lng=0.0, portalNumber=0, stateMsg=, source=ide_uy, ranking=20.1, state=1);GeocoderResultV0(direccion=Direccion(departamento=NombreNormalizado(nombreNormalizado=CERRO LARGO), localidad=NombreNormalizado(nombreNormalizado=MELO), calle=CalleNormalizada(nombreNormalizado=MELO, CERRO LARGO, idCalle=494)), codigoPostal=0, codigoPostalAmpliado=0, puntoX=0.0, puntoY=0.0, srid=4326, idTipoClasificacion=3, error=null);NO ENCONTRADO
